{
    "dataset_path":"/proj/vondrick/rx2132/audio_visual_denoising_official/data/henrique_audiovisual/lab_less",
    "num_videos":1,
    "files":[
        {
            "path":"/proj/vondrick/rx2132/audio_visual_denoising_official/data/henrique_audiovisual/lab_less/lab_less_0000001.mp4",
            "clip_start_time":0.0,
            "clip_end_time":8.966992,
            "face_x":0.5,
            "face_y":0.5,
            "framerate":30.0,
            "audio_sample_rate":44100,
            "audio_samples":396288,
            "duration":8.966992,
            "num_frames":269,
            "bit_stream":"00111111111111111111111111111111111111111111111111111111111111111111111111111111111111111111111111111111111111111111111111111111111111111111111111111111111111111111111111111111111111111111111111111111111111111111111111111111111111111111111111111111111111111111111111111",
            "silence_total_ratio":0.007434944237918215,
            "avg_silenceInterval_silcenceTotal_ratio":1.0,
            "frames_path":"/proj/vondrick/rx2132/audio_visual_denoising_official/data/henrique_audiovisual/lab_less/lab_less_0000001_faces",
            "flows_path":null,
            "audio_path":"/proj/vondrick/rx2132/audio_visual_denoising_official/data/henrique_audiovisual/lab_less/lab_less_0000001.wav"
        }
    ]
}