{
    "dataset_path":"/proj/vondrick/rx2132/audio_visual_denoising_official/data/real_world_audioonly/richard_hammond_029_050",
    "num_videos":1,
    "files":[
        {
            "path":"/proj/vondrick/rx2132/audio_visual_denoising_official/data/real_world_audioonly/richard_hammond_029_050/richard_hammond_029_050_0000001.wav",
            "clip_start_time":0,
            "clip_end_time":22.151837,
            "face_x":0,
            "face_y":0,
            "framerate":30,
            "audio_sample_rate":44100,
            "audio_samples":976896,
            "duration":22.151837,
            "num_frames":665,
            "bit_stream":"11111111111111111111111111111111111111111111111111111111111111111111111111111111111111111111111111111111111111111111111111111111111111111111111111111111111111111111111111111111111111111111111111111111111111111111111111111111111111111111111111111111111111111111111111111111111111111111111111111111111111111111111111111111111111111111111111111111111111111111111111111111111111111111111111111111111111111111111111111111111111111111111111111111111111111111111111111111111111111111111111111111111111111111111111111111111111111111111111111111111111111111111111111111111111111111111111111111111111111111111111111111111111111111111111111111111111111111111111111111111111111",
            "silence_total_ratio":0,
            "avg_silenceInterval_silcenceTotal_ratio":0,
            "frames_path":null,
            "flows_path":null,
            "audio_path":"/proj/vondrick/rx2132/audio_visual_denoising_official/data/real_world_audioonly/richard_hammond_029_050/richard_hammond_029_050_0000001.wav"
        }
    ]
}