{
    "dataset_path":"/proj/vondrick/rx2132/listening_to_sounds_of_silence_for_speech_denoising/data/sounds_of_silence_audioonly",
    "num_videos":2,
    "data_total_frames":60,
    "data_center_frames":1,
    "sigmoid_threshold":0.5,
    "snr":null,
    "prediction_statistics":{
        "num_samples":1105,
        "num_silent_samples":0,
        "num_non_silent_samples":1105,
        "base":1.0,
        "accuracy":0.4235294117647059,
        "true_positive":0,
        "false_positive":637,
        "true_negative":468,
        "false_negative":0,
        "true_pos_rate(recall)":null,
        "false_pos_rate":0.5764705882352941,
        "precision":0.0,
        "true_neg_rate":0.42352941176470593,
        "f1":0.0,
        "roc_auc":null,
        "mcc":0.0
    },
    "files":[
        {
            "path":"/proj/vondrick/rx2132/listening_to_sounds_of_silence_for_speech_denoising/data/sounds_of_silence_audioonly/sos_1/sos_1_0000001.wav",
            "num_frames":645,
            "framerate":30,
            "audio_sample_rate":44100,
            "audio_samples":946827,
            "duration":21.47,
            "bit_stream":"111111111111111111111111111111111111111111111111111111111111111111111111111111111111111111111111111111111111111111111111111111111111111111111111111111111111111111111111111111111111111111111111111111111111111111111111111111111111111111111111111111111111111111111111111111111111111111111111111111111111111111111111111111111111111111111111111111111111111111111111111111111111111111111111111111111111111111111111111111111111111111111111111111111111111111111111111111111111111111111111111111111111111111111111111111111111111111111111111111111111111111111111111111111111111111111111111111111111111111111111111111111111111111111111111111111111111111111",
            "ground_truth_bit_stream":"111111111111111111111111111111111111111111111111111111111111111111111111111111111111111111111111111111111111111111111111111111111111111111111111111111111111111111111111111111111111111111111111111111111111111111111111111111111111111111111111111111111111111111111111111111111111111111111111111111111111111111111111111111111111111111111111111111111111111111111111111111111111111111111111111111111111111111111111111111111111111111111111111111111111111111111111111111111111111111111111111111111111111111111111111111111111111111111111111111111111111111111111111111111111111111111111111111111111111111111111111111111111111111111111111111111111111111111",
            "predicted_bit_stream":"000000000000000000000000000000000000000000000000000000000000000000000000000000000000000000000000000000001111111111111111011111111101111111101111111111111111110011111000000000000000000000000000000000000000000000000000000000000000000000000111111101111111111111111111111000111111110111111111111111000000000000000000000000000000000000000000000000000000000000000000000000000000001111100111111111111111111111111111111111111111111111111111111111111111111001111111101111111111111000000000000000000000000000000000000000000000111111100111111111111111111111111111111111111111111111111111111111111111111100111110000000000000000000000000000000000000000000000",
            "recovered_prediction":"000000000000000000000000000000000000000000000000000000000000000000000000000000000000000000000000000000001111111111111111011111111101111111101111111111111111110011111000000000000000000000000000000000000000000000000000000000000000000000000111111101111111111111111111111000111111110111111111111111000000000000000000000000000000000000000000000000000000000000000000000000000000001111100111111111111111111111111111111111111111111111111111111111111111111001111111101111111111111000000000000000000000000000000000000000000000111111100111111111111111111111111111111111111111111111111111111111111111111100111110000000000000000000000000000000000000000000000",
            "overlay_original":null,
            "overlay_predicted":null,
            "mixed_audio":"recovered/sos_1_0000001_mixed.wav"
        },
        {
            "path":"/proj/vondrick/rx2132/listening_to_sounds_of_silence_for_speech_denoising/data/sounds_of_silence_audioonly/sos_2/sos_2_0000001.wav",
            "num_frames":460,
            "framerate":30,
            "audio_sample_rate":44100,
            "audio_samples":676053,
            "duration":15.33,
            "bit_stream":"1111111111111111111111111111111111111111111111111111111111111111111111111111111111111111111111111111111111111111111111111111111111111111111111111111111111111111111111111111111111111111111111111111111111111111111111111111111111111111111111111111111111111111111111111111111111111111111111111111111111111111111111111111111111111111111111111111111111111111111111111111111111111111111111111111111111111111111111111111111111111111111111111111111111111111111111111111",
            "ground_truth_bit_stream":"1111111111111111111111111111111111111111111111111111111111111111111111111111111111111111111111111111111111111111111111111111111111111111111111111111111111111111111111111111111111111111111111111111111111111111111111111111111111111111111111111111111111111111111111111111111111111111111111111111111111111111111111111111111111111111111111111111111111111111111111111111111111111111111111111111111111111111111111111111111111111111111111111111111111111111111111111111",
            "predicted_bit_stream":"0000000000000000000000111111111111111111111111111111111111010000000000000000000000000000001111111111111110111111111111111111111111111111111111111111111111111111111111111111111111111000000000000000000000000000000000000011111111111111111111111111000000000000000000000110000000000000000000000000000000000000000000000000000011111111100000011111111111111111000000000000000000000000000000000000000000000000001110111110000000000000000000000000000000000000000000000000",
            "recovered_prediction":"0000000000000000000000111111111111111111111111111111111111010000000000000000000000000000001111111111111110111111111111111111111111111111111111111111111111111111111111111111111111111000000000000000000000000000000000000011111111111111111111111111000000000000000000000110000000000000000000000000000000000000000000000000000011111111100000011111111111111111000000000000000000000000000000000000000000000000001110111110000000000000000000000000000000000000000000000000",
            "overlay_original":null,
            "overlay_predicted":null,
            "mixed_audio":"recovered/sos_2_0000001_mixed.wav"
        }
    ]
}