{
    "dataset_path":"/proj/vondrick/rx2132/audio_visual_denoising_official/data/languages_audiovisual/japanese",
    "num_videos":1,
    "files":[
        {
            "path":"/proj/vondrick/rx2132/audio_visual_denoising_official/data/languages_audiovisual/japanese/japanese_0000001.mp4",
            "clip_start_time":0.0,
            "clip_end_time":10.433984,
            "face_x":0.6,
            "face_y":0.55,
            "framerate":30.0,
            "audio_sample_rate":44100,
            "audio_samples":458752,
            "duration":10.433984,
            "num_frames":313,
            "bit_stream":"0100111111111111111111111111111111111111111111111111111111111111111111111111111111111111111111111111111111111111111111111111111111111111110111011111111111111111111111111111111111111111111111111111111111111111111111111111111111111111111111111111111111111111111111111111111111111111111111111111111111111111111111110",
            "silence_total_ratio":0.019169329073482427,
            "avg_silenceInterval_silcenceTotal_ratio":0.19999999999999998,
            "frames_path":"/proj/vondrick/rx2132/audio_visual_denoising_official/data/languages_audiovisual/japanese/japanese_0000001_faces",
            "flows_path":null,
            "audio_path":"/proj/vondrick/rx2132/audio_visual_denoising_official/data/languages_audiovisual/japanese/japanese_0000001.wav"
        }
    ]
}