{
    "dataset_path":"/proj/vondrick/rx2132/audio_visual_denoising_official/data/henrique_audioonly/",
    "num_videos":6,
    "data_total_frames":60,
    "data_center_frames":1,
    "sigmoid_threshold":0.5,
    "snr":null,
    "prediction_statistics":{
        "num_samples":2098,
        "num_silent_samples":0,
        "num_non_silent_samples":2098,
        "base":1.0,
        "accuracy":0.34985700667302194,
        "true_positive":0,
        "false_positive":1364,
        "true_negative":734,
        "false_negative":0,
        "true_pos_rate(recall)":null,
        "false_pos_rate":0.6501429933269781,
        "precision":0.0,
        "true_neg_rate":0.3498570066730219,
        "f1":0.0,
        "roc_auc":null,
        "mcc":0.0
    },
    "files":[
        {
            "path":"/proj/vondrick/rx2132/audio_visual_denoising_official/data/henrique_audioonly/cafe_less/cafe_less_0000001.wav",
            "num_frames":282,
            "framerate":30,
            "audio_sample_rate":44100,
            "audio_samples":413526,
            "duration":9.377007,
            "bit_stream":"111111111111111111111111111111111111111111111111111111111111111111111111111111111111111111111111111111111111111111111111111111111111111111111111111111111111111111111111111111111111111111111111111111111111111111111111111111111111111111111111111111111111111111111111111111111111111111",
            "ground_truth_bit_stream":"111111111111111111111111111111111111111111111111111111111111111111111111111111111111111111111111111111111111111111111111111111111111111111111111111111111111111111111111111111111111111111111111111111111111111111111111111111111111111111111111111111111111111111111111111111111111111111",
            "predicted_bit_stream":"000000000000000000000000000001111111111111100000000000000001111111111111111111111111110000000000000011111111111111111111111111111111111111111111100111100001100011111111111111111111110000000000000001111111111111111110000000000000000000001111111111111111111111110000000000000110010000",
            "recovered_prediction":"000000000000000000000000000001111111111111100000000000000001111111111111111111111111110000000000000011111111111111111111111111111111111111111111100111100001100011111111111111111111110000000000000001111111111111111110000000000000000000001111111111111111111111110000000000000110010000",
            "overlay_original":null,
            "overlay_predicted":null,
            "mixed_audio":"recovered/cafe_less_0000001.wav_mixed.wav"
        },
        {
            "path":"/proj/vondrick/rx2132/audio_visual_denoising_official/data/henrique_audioonly/cafe_more/cafe_more_0000001.wav",
            "num_frames":444,
            "framerate":30,
            "audio_sample_rate":44100,
            "audio_samples":651886,
            "duration":14.781995,
            "bit_stream":"111111111111111111111111111111111111111111111111111111111111111111111111111111111111111111111111111111111111111111111111111111111111111111111111111111111111111111111111111111111111111111111111111111111111111111111111111111111111111111111111111111111111111111111111111111111111111111111111111111111111111111111111111111111111111111111111111111111111111111111111111111111111111111111111111111111111111111111111111111111111111111111111111111111111",
            "ground_truth_bit_stream":"111111111111111111111111111111111111111111111111111111111111111111111111111111111111111111111111111111111111111111111111111111111111111111111111111111111111111111111111111111111111111111111111111111111111111111111111111111111111111111111111111111111111111111111111111111111111111111111111111111111111111111111111111111111111111111111111111111111111111111111111111111111111111111111111111111111111111111111111111111111111111111111111111111111111",
            "predicted_bit_stream":"001000000000000001111111111000000000000000000000000000000111111111111100000111101100111111111111111111111011000000000000001111111001010000000000000000000000111111111111110000000000000000000000000000000000000000000000001111111111111100000000000000001111111111100001100000000000001111111111100001111111111111111111111111111111011111111111111111111111111110111111111111111111111000000000000000011111111111111000000000001111110111111100000000000000",
            "recovered_prediction":"001000000000000001111111111000000000000000000000000000000111111111111100000111101100111111111111111111111011000000000000001111111001010000000000000000000000111111111111110000000000000000000000000000000000000000000000001111111111111100000000000000001111111111100001100000000000001111111111100001111111111111111111111111111111011111111111111111111111111110111111111111111111111000000000000000011111111111111000000000001111110111111100000000000000",
            "overlay_original":null,
            "overlay_predicted":null,
            "mixed_audio":"recovered/cafe_more_0000001.wav_mixed.wav"
        },
        {
            "path":"/proj/vondrick/rx2132/audio_visual_denoising_official/data/henrique_audioonly/campus_less/campus_less_0000001.wav",
            "num_frames":275,
            "framerate":30,
            "audio_sample_rate":44100,
            "audio_samples":403206,
            "duration":9.142993,
            "bit_stream":"11111111111111111111111111111111111111111111111111111111111111111111111111111111111111111111111111111111111111111111111111111111111111111111111111111111111111111111111111111111111111111111111111111111111111111111111111111111111111111111111111111111111111111111111111111111111",
            "ground_truth_bit_stream":"11111111111111111111111111111111111111111111111111111111111111111111111111111111111111111111111111111111111111111111111111111111111111111111111111111111111111111111111111111111111111111111111111111111111111111111111111111111111111111111111111111111111111111111111111111111111",
            "predicted_bit_stream":"00101000000000001111111111000000000000000000000011111111111111111111111110000000000000000000000111111110001111111111111101110011111000000000000000000000000111111111111100000001111011111100000000000111111001111111100000000000000000111111111011101110011000000000000000000000000",
            "recovered_prediction":"00101000000000001111111111000000000000000000000011111111111111111111111110000000000000000000000111111110001111111111111101110011111000000000000000000000000111111111111100000001111011111100000000000111111001111111100000000000000000111111111011101110011000000000000000000000000",
            "overlay_original":null,
            "overlay_predicted":null,
            "mixed_audio":"recovered/campus_less_0000001.wav_mixed.wav"
        },
        {
            "path":"/proj/vondrick/rx2132/audio_visual_denoising_official/data/henrique_audioonly/campus_more/campus_more_0000001.wav",
            "num_frames":406,
            "framerate":30,
            "audio_sample_rate":44100,
            "audio_samples":595967,
            "duration":13.513991,
            "bit_stream":"1111111111111111111111111111111111111111111111111111111111111111111111111111111111111111111111111111111111111111111111111111111111111111111111111111111111111111111111111111111111111111111111111111111111111111111111111111111111111111111111111111111111111111111111111111111111111111111111111111111111111111111111111111111111111111111111111111111111111111111111111111111111111111111111111111111111111111111111",
            "ground_truth_bit_stream":"1111111111111111111111111111111111111111111111111111111111111111111111111111111111111111111111111111111111111111111111111111111111111111111111111111111111111111111111111111111111111111111111111111111111111111111111111111111111111111111111111111111111111111111111111111111111111111111111111111111111111111111111111111111111111111111111111111111111111111111111111111111111111111111111111111111111111111111111",