{
    "dataset_path":"/proj/vondrick/rx2132/audio_visual_denoising_official/data/real_world_audiovisual/chinese",
    "num_videos":1,
    "files":[
        {
            "path":"/proj/vondrick/rx2132/audio_visual_denoising_official/data/real_world_audiovisual/chinese/chinese_0000001.mp4",
            "clip_start_time":0.0,
            "clip_end_time":10.927583,
            "face_x":0.5,
            "face_y":0.5,
            "framerate":30.0,
            "audio_sample_rate":44100,
            "audio_samples":480256,
            "duration":10.927583,
            "num_frames":328,
            "bit_stream":"111011111111111111111111111111111111111111111111111111111111111111111111111111111111111111111111111111111111111111111111111111111111111111111111111111111111111111111111111111111111111111111111111111111111111111111111111111111111111111111111111111111111111111111111111111111111111111111111111111111111111111111111111111111111111",
            "silence_total_ratio":0.0030581039755351682,
            "avg_silenceInterval_silcenceTotal_ratio":1.0,
            "frames_path":"/proj/vondrick/rx2132/audio_visual_denoising_official/data/real_world_audiovisual/chinese/chinese_0000001_faces",
            "flows_path":null,
            "audio_path":"/proj/vondrick/rx2132/audio_visual_denoising_official/data/real_world_audiovisual/chinese/chinese_0000001.wav"
        }
    ]
}