{
    "dataset_path":"/proj/vondrick/rx2132/audio_visual_denoising_official/data/real_world_audiovisual/face_mask_56_104",
    "num_videos":1,
    "files":[
        {
            "path":"/proj/vondrick/rx2132/audio_visual_denoising_official/data/real_world_audiovisual/face_mask_56_104/face_mask_56_104_0000001.mp4",
            "clip_start_time":0.0,
            "clip_end_time":7.774433,
            "face_x":0.5,
            "face_y":0.5,
            "framerate":30.0,
            "audio_sample_rate":44100,
            "audio_samples":342016,
            "duration":7.774433,
            "num_frames":233,
            "bit_stream":"01111111111111110110011111111111111011111111000000000000000000011111111111111111111111000111111111111111111111111111111111111111111111111111111111111111111111111111111111111111111111111110011111111111111111111011111111111111111111111",
            "silence_total_ratio":0.12875536480686695,
            "avg_silenceInterval_silcenceTotal_ratio":0.125,
            "frames_path":"/proj/vondrick/rx2132/audio_visual_denoising_official/data/real_world_audiovisual/face_mask_56_104/face_mask_56_104_0000001_faces",
            "flows_path":null,
            "audio_path":"/proj/vondrick/rx2132/audio_visual_denoising_official/data/real_world_audiovisual/face_mask_56_104/face_mask_56_104_0000001.wav"
        }
    ]
}