{
    "dataset_path":"/proj/vondrick/rx2132/audio_visual_denoising_official/data/real_world_audiovisual/french",
    "num_videos":1,
    "files":[
        {
            "path":"/proj/vondrick/rx2132/audio_visual_denoising_official/data/real_world_audiovisual/french/french_0000001.mp4",
            "clip_start_time":0.0,
            "clip_end_time":9.56,
            "face_x":0.5,
            "face_y":0.5,
            "framerate":30.0,
            "audio_sample_rate":44100,
            "audio_samples":421888,
            "duration":9.56,
            "num_frames":287,
            "bit_stream":"11111111111111111111111111111111111111111111111111111111111111111111111111111111111111111111010011100111111111111111111111110010000001111111111111111010001111111111111111111111111111111111111111111111111111111111111111111111111111111111111111111111111111111111111111111111111111111111111",
            "silence_total_ratio":0.059233449477351915,
            "avg_silenceInterval_silcenceTotal_ratio":0.14285714285714285,
            "frames_path":"/proj/vondrick/rx2132/audio_visual_denoising_official/data/real_world_audiovisual/french/french_0000001_faces",
            "flows_path":null,
            "audio_path":"/proj/vondrick/rx2132/audio_visual_denoising_official/data/real_world_audiovisual/french/french_0000001.wav"
        }
    ]
}