{
    "dataset_path":"/proj/vondrick/rx2132/audio_visual_denoising_official/data/real_world_audiovisual/richard_hammond_308_328",
    "num_videos":1,
    "files":[
        {
            "path":"/proj/vondrick/rx2132/audio_visual_denoising_official/data/real_world_audiovisual/richard_hammond_308_328/richard_hammond_308_328_0000001.mp4",
            "clip_start_time":0.0,
            "clip_end_time":20.566667,
            "face_x":0.5,
            "face_y":0.5,
            "framerate":30.0,
            "audio_sample_rate":44100,
            "audio_samples":906240,
            "duration":20.566667,
            "num_frames":617,
            "bit_stream":"01111111111111111111111111101111111110101011111111111111110100000110011111111111111111111111111111111111111111111111111100000001111110010111110000011111111000110011111111111111111111011111111111110111111000011101111111111011111111110111111111111011000010001000001111111111111111111111110100100010000000000000111001100111111110011100111111111111010111111111000000100111100001111110000001111111000000000000010000000000001111111111111111110011111110001000111111100011111111000011111110111111111111111000000001111100000000000000000111111100000001100111100111111111111111110001101111111110110000000000000110010110010001111",
            "silence_total_ratio":0.33225283630470015,
            "avg_silenceInterval_silcenceTotal_ratio":0.01694915254237288,
            "frames_path":"/proj/vondrick/rx2132/audio_visual_denoising_official/data/real_world_audiovisual/richard_hammond_308_328/richard_hammond_308_328_0000001_faces",
            "flows_path":null,
            "audio_path":"/proj/vondrick/rx2132/audio_visual_denoising_official/data/real_world_audiovisual/richard_hammond_308_328/richard_hammond_308_328_0000001.wav"
        }
    ]
}