{
    "dataset_path":"/proj/vondrick/rx2132/audio_visual_denoising_official/data/real_world_audiovisual/richard_hammond_115_128",
    "num_videos":1,
    "files":[
        {
            "path":"/proj/vondrick/rx2132/audio_visual_denoising_official/data/real_world_audiovisual/richard_hammond_115_128/richard_hammond_115_128_0000001.mp4",
            "clip_start_time":0.0,
            "clip_end_time":13.133333,
            "face_x":0.5,
            "face_y":0.5,
            "framerate":30.0,
            "audio_sample_rate":44100,
            "audio_samples":578560,
            "duration":13.133333,
            "num_frames":394,
            "bit_stream":"0111111111111111111111111111111111111111111111111111111111111111111111111111111111111111111111111111111111111111111111111111111111111111111111111111111111111111111111111111111111111111111111111111111111111111111111111111111111111111111111111111111111111111111111111111111111111111111111111111111111111111111111111111111111111111111111111111111111111111111111111111111111111111111111111111111110",
            "silence_total_ratio":0.005076142131979695,
            "avg_silenceInterval_silcenceTotal_ratio":0.5,
            "frames_path":"/proj/vondrick/rx2132/audio_visual_denoising_official/data/real_world_audiovisual/richard_hammond_115_128/richard_hammond_115_128_0000001_faces",
            "flows_path":null,
            "audio_path":"/proj/vondrick/rx2132/audio_visual_denoising_official/data/real_world_audiovisual/richard_hammond_115_128/richard_hammond_115_128_0000001.wav"
        }
    ]
}