{
    "dataset_path":"/proj/vondrick/rx2132/audio_visual_denoising_official/data/real_world_audiovisual/spanish_1",
    "num_videos":1,
    "files":[
        {
            "path":"/proj/vondrick/rx2132/audio_visual_denoising_official/data/real_world_audiovisual/spanish_1/spanish_1_0000001.mp4",
            "clip_start_time":0.0,
            "clip_end_time":9.766667,
            "face_x":0.5,
            "face_y":0.5,
            "framerate":30.0,
            "audio_sample_rate":44100,
            "audio_samples":431104,
            "duration":9.766667,
            "num_frames":294,
            "bit_stream":"01111111111111111111111111111111111111111111111111111111111111111111111111111111111111111111111111111111111111111111111111111111111111111111111111111111111111111111111111101111111111111111111111111111111111111111111111111111111111111111111111111111111111111111111111111111111111111111111111111",
            "silence_total_ratio":0.006825938566552901,
            "avg_silenceInterval_silcenceTotal_ratio":0.5,
            "frames_path":"/proj/vondrick/rx2132/audio_visual_denoising_official/data/real_world_audiovisual/spanish_1/spanish_1_0000001_faces",
            "flows_path":null,
            "audio_path":"/proj/vondrick/rx2132/audio_visual_denoising_official/data/real_world_audiovisual/spanish_1/spanish_1_0000001.wav"
        }
    ]
}