{
    "dataset_path":"/proj/vondrick/rx2132/audio_visual_denoising_official/data/languages_audioonly/",
    "num_videos":3,
    "data_total_frames":60,
    "data_center_frames":1,
    "sigmoid_threshold":0.5,
    "snr":null,
    "prediction_statistics":{
        "num_samples":907,
        "num_silent_samples":0,
        "num_non_silent_samples":907,
        "base":1.0,
        "accuracy":0.6284454244762955,
        "true_positive":0,
        "false_positive":337,
        "true_negative":570,
        "false_negative":0,
        "true_pos_rate(recall)":null,
        "false_pos_rate":0.3715545755237045,
        "precision":0.0,
        "true_neg_rate":0.6284454244762955,
        "f1":0.0,
        "roc_auc":null,
        "mcc":0.0
    },
    "files":[
        {
            "path":"/proj/vondrick/rx2132/audio_visual_denoising_official/data/languages_audioonly/chinese/chinese_0000001.wav",
            "num_frames":327,
            "framerate":30,
            "audio_sample_rate":44100,
            "audio_samples":480256,
            "duration":10.890159,
            "bit_stream":"111111111111111111111111111111111111111111111111111111111111111111111111111111111111111111111111111111111111111111111111111111111111111111111111111111111111111111111111111111111111111111111111111111111111111111111111111111111111111111111111111111111111111111111111111111111111111111111111111111111111111111111111111111111111111",
            "ground_truth_bit_stream":"111111111111111111111111111111111111111111111111111111111111111111111111111111111111111111111111111111111111111111111111111111111111111111111111111111111111111111111111111111111111111111111111111111111111111111111111111111111111111111111111111111111111111111111111111111111111111111111111111111111111111111111111111111111111111",
            "predicted_bit_stream":"011010001111111111111111111111111111111110010000000000000000000011111111111111111111111111111111111111111111111111100100000011111111111111111111111111111000000000000000111111111111100001111111111111111111111100000100111111111110111111111111111111111111000000000000011111100111101111111111111111111111111111111111111111111111000",
            "recovered_prediction":"011010001111111111111111111111111111111110010000000000000000000011111111111111111111111111111111111111111111111111100100000011111111111111111111111111111000000000000000111111111111100001111111111111111111111100000100111111111110111111111111111111111111000000000000011111100111101111111111111111111111111111111111111111111111000",
            "overlay_original":null,
            "overlay_predicted":null,
            "mixed_audio":"recovered/chinese_0000001.wav_mixed.wav"
        },
        {
            "path":"/proj/vondrick/rx2132/audio_visual_denoising_official/data/languages_audioonly/japanese/japanese_0000001.wav",
            "num_frames":313,
            "framerate":30,
            "audio_sample_rate":44100,
            "audio_samples":458752,
            "duration":10.40254,
            "bit_stream":"1111111111111111111111111111111111111111111111111111111111111111111111111111111111111111111111111111111111111111111111111111111111111111111111111111111111111111111111111111111111111111111111111111111111111111111111111111111111111111111111111111111111111111111111111111111111111111111111111111111111111111111111111",
            "ground_truth_bit_stream":"1111111111111111111111111111111111111111111111111111111111111111111111111111111111111111111111111111111111111111111111111111111111111111111111111111111111111111111111111111111111111111111111111111111111111111111111111111111111111111111111111111111111111111111111111111111111111111111111111111111111111111111111111",
            "predicted_bit_stream":"0000000000000111111111000011000100000111111110011111001111111111111111111011110000000000000000011110011111011111111110111111111111000011110000001111111100101111101111111111100011111011111111110000000000000000000000000000000000111111111111111111100000000000100011111111110000001111111111111111111111110111100000000",
            "recovered_prediction":"0000000000000111111111000011000100000111111110011111001111111111111111111011110000000000000000011110011111011111111110111111111111000011110000001111111100101111101111111111100011111011111111110000000000000000000000000000000000111111111111111111100000000000100011111111110000001111111111111111111111110111100000000",
            "overlay_original":null,
            "overlay_predicted":null,
            "mixed_audio":"recovered/japanese_0000001.wav_mixed.wav"
        },
        {
            "path":"/proj/vondrick/rx2132/audio_visual_denoising_official/data/languages_audioonly/korean/korean_0000001.wav",
            "num_frames":267,
            "framerate":30,
            "audio_sample_rate":44100,
            "audio_samples":392192,
            "duration":8.893243,
            "bit_stream":"111111111111111111111111111111111111111111111111111111111111111111111111111111111111111111111111111111111111111111111111111111111111111111111111111111111111111111111111111111111111111111111111111111111111111111111111111111111111111111111111111111111111111111111111111",
            "ground_truth_bit_stream":"111111111111111111111111111111111111111111111111111111111111111111111111111111111111111111111111111111111111111111111111111111111111111111111111111111111111111111111111111111111111111111111111111111111111111111111111111111111111111111111111111111111111111111111111111",
            "predicted_bit_stream":"000000000000000000000111111111111111111111111111111111110011111111111111110011111111111111111111111111111111111100000000000000000000000000000000000000000111111111111100100000000000000000000000011100000111111111111111111111111111111111110000000000000111001000000000000",
            "recovered_prediction":"000000000000000000000111111111111111111111111111111111110011111111111111110011111111111111111111111111111111111100000000000000000000000000000000000000000111111111111100100000000000000000000000011100000111111111111111111111111111111111110000000000000111001000000000000",
            "overlay_original":null,
            "overlay_predicted":null,
            "mixed_audio":"recovered/korean_0000001.wav_mixed.wav"
        }
    ]
}