{
    "dataset_path":"/proj/vondrick/rx2132/audio_visual_denoising_official/data/languages_audioonly/",
    "num_videos":7,
    "data_total_frames":60,
    "data_center_frames":1,
    "sigmoid_threshold":0.5,
    "snr":null,
    "prediction_statistics":{
        "num_samples":2076,
        "num_silent_samples":0,
        "num_non_silent_samples":2076,
        "base":1.0,
        "accuracy":0.6295761078998073,
        "true_positive":0,
        "false_positive":769,
        "true_negative":1307,
        "false_negative":0,
        "true_pos_rate(recall)":null,
        "false_pos_rate":0.37042389210019266,
        "precision":0.0,
        "true_neg_rate":0.6295761078998073,
        "f1":0.0,
        "roc_auc":null,
        "mcc":0.0
    },
    "files":[
        {
            "path":"/proj/vondrick/rx2132/audio_visual_denoising_official/data/languages_audioonly/chinese/chinese_0000001.wav",
            "num_frames":327,
            "framerate":30,
            "audio_sample_rate":44100,
            "audio_samples":480256,
            "duration":10.890159,
            "bit_stream":"111111111111111111111111111111111111111111111111111111111111111111111111111111111111111111111111111111111111111111111111111111111111111111111111111111111111111111111111111111111111111111111111111111111111111111111111111111111111111111111111111111111111111111111111111111111111111111111111111111111111111111111111111111111111111",
            "ground_truth_bit_stream":"111111111111111111111111111111111111111111111111111111111111111111111111111111111111111111111111111111111111111111111111111111111111111111111111111111111111111111111111111111111111111111111111111111111111111111111111111111111111111111111111111111111111111111111111111111111111111111111111111111111111111111111111111111111111111",
            "predicted_bit_stream":"000011001111111111111111111111111111111110000000000000000000000001111111111111111111111111111111011111011011111111101111000001111101111111111101111111110000000000000000111100111111000000111111111111111111111100000000011111111111011111111111111111111111000000000000011111100111100111111111110111111111111111111110111110111111000",
            "recovered_prediction":"000011001111111111111111111111111111111110000000000000000000000001111111111111111111111111111111011111011011111111101111000001111101111111111101111111110000000000000000111100111111000000111111111111111111111100000000011111111111011111111111111111111111000000000000011111100111100111111111110111111111111111111110111110111111000",
            "overlay_original":null,
            "overlay_predicted":null,
            "mixed_audio":"recovered/chinese_0000001.wav_mixed.wav"
        },
        {
            "path":"/proj/vondrick/rx2132/audio_visual_denoising_official/data/languages_audioonly/french/french_0000001.wav",
            "num_frames":287,
            "framerate":30,
            "audio_sample_rate":44100,
            "audio_samples":421888,
            "duration":9.566621,
            "bit_stream":"11111111111111111111111111111111111111111111111111111111111111111111111111111111111111111111111111111111111111111111111111111111111111111111111111111111111111111111111111111111111111111111111111111111111111111111111111111111111111111111111111111111111111111111111111111111111111111111111",
            "ground_truth_bit_stream":"11111111111111111111111111111111111111111111111111111111111111111111111111111111111111111111111111111111111111111111111111111111111111111111111111111111111111111111111111111111111111111111111111111111111111111111111111111111111111111111111111111111111111111111111111111111111111111111111",
            "predicted_bit_stream":"01110111111111000000000000001111111111111111111111111111111111111111111111111100000000000000000000000011111111111111011111100000000000111111111111110000000000000000000011111111111111111111111111111111111111100000100011111111111111111111111111111111111000111111111111111111111111111111111",
            "recovered_prediction":"01110111111111000000000000001111111111111111111111111111111111111111111111111100000000000000000000000011111111111111011111100000000000111111111111110000000000000000000011111111111111111111111111111111111111100000100011111111111111111111111111111111111000111111111111111111111111111111111",
            "overlay_original":null,
            "overlay_predicted":null,
            "mixed_audio":"recovered/french_0000001.wav_mixed.wav"
        },
        {
            "path":"/proj/vondrick/rx2132/audio_visual_denoising_official/data/languages_audioonly/german/german_0000001.wav",
            "num_frames":344,
            "framerate":30,
            "audio_sample_rate":44100,
            "audio_samples":504832,
            "duration":11.447438,
            "bit_stream":"11111111111111111111111111111111111111111111111111111111111111111111111111111111111111111111111111111111111111111111111111111111111111111111111111111111111111111111111111111111111111111111111111111111111111111111111111111111111111111111111111111111111111111111111111111111111111111111111111111111111111111111111111111111111111111111111111111111",
            "ground_truth_bit_stream":"11111111111111111111111111111111111111111111111111111111111111111111111111111111111111111111111111111111111111111111111111111111111111111111111111111111111111111111111111111111111111111111111111111111111111111111111111111111111111111111111111111111111111111111111111111111111111111111111111111111111111111111111111111111111111111111111111111111",
            "predicted_bit_stream":"01111111111111001111111111101100000000000000000001111111111000000000001110111111110000111111111111111111111101111111111111111111111111111111111111001111111111000000000111110000100011111111111111111111111111111111111111110000111110000111111100000000000011110011111100011111111111111111111111111111100000111111111111111111111110000000000000000000",
            "recovered_prediction":"01111111111111001111111111101100000000000000000001111111111000000000001110111111110000111111111111111111111101111111111111111111111111111111111111001111111111000000000111110000100011111111111111111111111111111111111111110000111110000111111100000000000011110011111100011111111111111111111111111111100000111111111111111111111110000000000000000000",
            "overlay_original":null,
            "overlay_predicted":null,
            "mixed_audio":"recovered/german_0000001.wav_mixed.wav"
        },
        {
            "path":"/proj/vondrick/rx2132/audio_visual_denoising_official/data/languages_audioonly/japanese/japanese_0000001.wav",
            "num_frames":313,
            "framerate":30,
            "audio_sample_rate":44100,
            "audio_samples":458752,
            "duration":10.40254,
            "bit_stream":"1111111111111111111111111111111111111111111111111111111111111111111111111111111111111111111111111111111111111111111111111111111111111111111111111111111111111111111111111111111111111111111111111111111111111111111111111111111111111111111111111111111111111111111111111111111111111111111111111111111111111111111111111",
            "ground_truth_bit_stream":"1111111111111111111111111111111111111111111111111111111111111111111111111111111111111111111111111111111111111111111111111111111111111111111111111111111111111111111111111111111111111111111111111111111111111111111111111111111111111111111111111111111111111111111111111111111111111111111111111111111111111111111111111",
            "predicted_bit_stream":"0000000000000111111111000011000000000111111100011111000000001111111111111111110000000000000000011110011011011111100110111111111111000011110000000111111100000111000111111111100011111011111111100000000000000000000000000000000000111111111111111111100000000011100111111111110000000111111111111111111111000111100000000",