{
    "dataset_path":"/proj/vondrick/rx2132/audio_visual_denoising_official/data/henrique_audiovisual/",
    "num_videos":6,
    "data_total_frames":60,
    "data_center_frames":1,
    "sigmoid_threshold":0.5,
    "snr":null,
    "prediction_statistics":{
        "num_samples":2092,
        "num_silent_samples":8,
        "num_non_silent_samples":2084,
        "base":0.9961759082217974,
        "accuracy":0.3274378585086042,
        "true_positive":8,
        "false_positive":1407,
        "true_negative":677,
        "false_negative":0,
        "true_pos_rate(recall)":1.0,
        "false_pos_rate":0.6751439539347409,
        "precision":0.005653710247349823,
        "true_neg_rate":0.3248560460652591,
        "f1":0.011243851018973999,
        "roc_auc":0.6624280230326296,
        "mcc":0.04285606090802912
    },
    "files":[
        {
            "path":"/proj/vondrick/rx2132/audio_visual_denoising_official/data/henrique_audiovisual/cafe_less/cafe_less_0000001.mp4",
            "num_frames":281,
            "framerate":30.0,
            "audio_sample_rate":44100,
            "audio_samples":413696,
            "duration":9.366992,
            "bit_stream":"01111111111111111111111111111111111111111111111111111111111111111111111111111111111111111111111111111111111111111111111111111111111111111111111111111111111111111111111111111111111111111111111111111111111111111111111111111111111111111111111111111111111111111111111111111111111111111",
            "ground_truth_bit_stream":"01111111111111111111111111111111111111111111111111111111111111111111111111111111111111111111111111111111111111111111111111111111111111111111111111111111111111111111111111111111111111111111111111111111111111111111111111111111111111111111111111111111111111111111111111111111111111111",
            "predicted_bit_stream":"00110111100000000000000000000000011111111101000000000000001111111111111111111111111111100000000000001111111111111111111111111111111111111111111111001000001111111111111111111111111111000000000000001111111111111111100000000000000000000001111011111111111111111110000000000000000000000",
            "recovered_prediction":"00110111100000000000000000000000011111111101000000000000001111111111111111111111111111100000000000001111111111111111111111111111111111111111111111001000001111111111111111111111111111000000000000001111111111111111100000000000000000000001111011111111111111111110000000000000000000000",
            "overlay_original":null,
            "overlay_predicted":null,
            "mixed_audio":"recovered/cafe_less_0000001_mixed.wav"
        },
        {
            "path":"/proj/vondrick/rx2132/audio_visual_denoising_official/data/henrique_audiovisual/cafe_more/cafe_more_0000001.mp4",
            "num_frames":443,
            "framerate":30.0,
            "audio_sample_rate":44100,
            "audio_samples":652288,
            "duration":14.766992,
            "bit_stream":"01111111111111111111111111111111111111111111111111111111111111111111111111111111111111111111111111111111111111111111111111111111111111111111111111111111111111111111111111111111111111111111111111111111111111111111111111111111111111111111111111111111111111111111111111111111111111111111111111111111111111111111111111111111111111111111111111111111111111111111111111111111111111111111111111111111111111111111111111111111111111111111111111111111111",
            "ground_truth_bit_stream":"01111111111111111111111111111111111111111111111111111111111111111111111111111111111111111111111111111111111111111111111111111111111111111111111111111111111111111111111111111111111111111111111111111111111111111111111111111111111111111111111111111111111111111111111111111111111111111111111111111111111111111111111111111111111111111111111111111111111111111111111111111111111111111111111111111111111111111111111111111111111111111111111111111111111",
            "predicted_bit_stream":"00111100000000000111111111100000000000000000000000000000111111111111110000111111111111111111111111111111011110000000000001111111011111000000000000000000000011111111111111000110000001111111100000000000000000000000000000001111111110000000000000000000111111111000000000000000000001111111111110001111111111111111111111111111111111111111011111111111111111111111100000111111111111111111111110000011111111111111111111110001111110111000000000000000000",
            "recovered_prediction":"00111100000000000111111111100000000000000000000000000000111111111111110000111111111111111111111111111111011110000000000001111111011111000000000000000000000011111111111111000110000001111111100000000000000000000000000000001111111110000000000000000000111111111000000000000000000001111111111110001111111111111111111111111111111111111111011111111111111111111111100000111111111111111111111110000011111111111111111111110001111110111000000000000000000",
            "overlay_original":null,
            "overlay_predicted":null,
            "mixed_audio":"recovered/cafe_more_0000001_mixed.wav"
        },
        {
            "path":"/proj/vondrick/rx2132/audio_visual_denoising_official/data/henrique_audiovisual/campus_less/campus_less_0000001.mp4",
            "num_frames":274,
            "framerate":30.0,
            "audio_sample_rate":44100,
            "audio_samples":403456,
            "duration":9.133984,
            "bit_stream":"0111111111111111111111111111111111111111111111111111111111111111111111111111111111111111111111111111111111111111111111111111111111111111111111111111111111111111111111111111111111111111111111111111111111111111111111111111111111111111111111111111111111111111111111111111111111",
            "ground_truth_bit_stream":"0111111111111111111111111111111111111111111111111111111111111111111111111111111111111111111111111111111111111111111111111111111111111111111111111111111111111111111111111111111111111111111111111111111111111111111111111111111111111111111111111111111111111111111111111111111111",
            "predicted_bit_stream":"0111100000000001111111111000000000000000000000011110111111111111111111110000000000000000000000011111111111111111111111110011001110000000000000000000000000001111111111100000001111111111100000000000011111000011110100000000000000000011110111011100110000000000000000000000000000",
            "recovered_prediction":"0111100000000001111111111000000000000000000000011110111111111111111111110000000000000000000000011111111111111111111111110011001110000000000000000000000000001111111111100000001111111111100000000000011111000011110100000000000000000011110111011100110000000000000000000000000000",
            "overlay_original":null,
            "overlay_predicted":null,
            "mixed_audio":"recovered/campus_less_0000001_mixed.wav"
        },
        {
            "path":"/proj/vondrick/rx2132/audio_visual_denoising_official/data/henrique_audiovisual/campus_more/campus_more_0000001.mp4",
            "num_frames":405,
            "framerate":30.0,
            "audio_sample_rate":44100,
            "audio_samples":595968,
            "duration":13.5,
            "bit_stream":"011111111111111111111111111111111111111111111111111111111111111111111111111111111111111111111111111111111111111111111111111111111111111111111111111111111111111111111111111111111111111111111111111111111111111111111111111111111111111111111111111111111111111111111111111111111111111111111111111111111111111111111111111111111111111111111111111111111111111111111111111111111111111111111111111111111111111111111",
            "ground_truth_bit_stream":"011111111111111111111111111111111111111111111111111111111111111111111111111111111111111111111111111111111111111111111111111111111111111111111111111111111111111111111111111111111111111111111111111111111111111111111111111111111111111111111111111111111111111111111111111111111111111111111111111111111111111111111111111111111111111111111111111111111111111111111111111111111111111111111111111111111111111111111",