{
    "dataset_path":"/proj/vondrick/rx2132/audio_visual_denoising/data/looking_to_listen/video_conferencing",
    "num_videos":1,
    "files":[
        {
            "path":"/proj/vondrick/rx2132/audio_visual_denoising/data/looking_to_listen/video_conferencing/video_conferencing_0000001.mp4",
            "clip_start_time":0.0,
            "clip_end_time":33.933984,
            "face_x":0.6557,
            "face_y":0.36782,
            "framerate":30.0,
            "audio_sample_rate":44100,
            "audio_samples":1491968,
            "duration":33.933984,
            "num_frames":1018,
            "bit_stream":"0000000000000000000000000000000000000000011111111111110100000000000110100000000000000000110000000000000001111111001110011111111110101111111000111111111100000000000000111111111111110001110111111111111111111110011111100010000001111110000000000000000000100000000001101100001100000001111111111101111111001111100100111111111110001111111001011111100010000000000000000000000000000000000000000000111111111111111111000000001001111111000001111101111111110001111111111110011011000001111111000000000111111000011111111110000000110000000000011110110011100000000110000111110000011111111111111111111111111111001000100000010000000000011111110000011111111111100111000000000000001001111111111111100000011111111111111111111100000011111100000000000000000000000000000000000111111100000000000001000000011110000011111100001111111111110010001111111000000000000001001111111110111001111100000000000000000000000000000000000000000000000000000000000000011111000000000001111000010001111111111111110000011111101111111000001100000000000000000000000",
            "silence_total_ratio":0.5536945812807882,
            "avg_silenceInterval_silcenceTotal_ratio":0.012987012987012986,
            "frames_path":"/proj/vondrick/rx2132/audio_visual_denoising/data/looking_to_listen/video_conferencing/video_conferencing_0000001_faces",
            "flows_path":null,
            "audio_path":"/proj/vondrick/rx2132/audio_visual_denoising/data/looking_to_listen/video_conferencing/video_conferencing_0000001.wav"
        }
    ]
}