{
    "dataset_path":"/proj/vondrick/rx2132/audio_visual_denoising/data/looking_to_listen/",
    "num_videos":9,
    "data_total_frames":60,
    "data_center_frames":1,
    "sigmoid_threshold":0.5,
    "snr":null,
    "prediction_statistics":{
        "num_samples":3346,
        "num_silent_samples":826,
        "num_non_silent_samples":2520,
        "base":0.7531380753138075,
        "accuracy":0.8141063956963539,
        "true_positive":618,
        "false_positive":414,
        "true_negative":2106,
        "false_negative":208,
        "true_pos_rate(recall)":0.7481840193704601,
        "false_pos_rate":0.16428571428571428,
        "precision":0.5988372093023255,
        "true_neg_rate":0.8357142857142857,
        "f1":0.6652314316469322,
        "roc_auc":0.791949152542373,
        "mcc":0.5451374052721141
    },
    "files":[
        {
            "path":"/proj/vondrick/rx2132/audio_visual_denoising/data/looking_to_listen/bill_freeman/bill_freeman_0000001.mp4",
            "num_frames":347,
            "framerate":30.0,
            "audio_sample_rate":44100,
            "audio_samples":517440,
            "duration":11.566992,
            "bit_stream":"00111111111111111111111111111111111111111111111111111111111111111111111111111111111111111111111111111111111111111111111111111111111111111111111111111111111111111111111111111111111111111111111111111111111111111111111111111111111111111111111111111111111111111111111111111111111111111111111111111111111111111111111111111111111111111111111111111111111",
            "ground_truth_bit_stream":"00111111111111111111111111111111111111111111111111111111111111111111111111111111111111111111111111111111111111111111111111111111111111111111111111111111111111111111111111111111111111111111111111111111111111111111111111111111111111111111111111111111111111111111111111111111111111111111111111111111111111111111111111111111111111111111111111111111111",
            "predicted_bit_stream":"00111111111000000000000111111111111111000000000000000000000000000000000000000000000000011111111111111111110000000000011111111111111111111111111111111111011111100000000000000000111111111000000000000000000000001111111111111111100111111111111000000000000000000000000000000000011111111111111111111111111100111000001110000000000000000000000000000000000",
            "recovered_prediction":"00111111111000000000000111111111111111000000000000000000000000000000000000000000000000011111111111111111110000000000011111111111111111111111111111111111011111100000000000000000111111111000000000000000000000001111111111111111100111111111111000000000000000000000000000000000011111111111111111111111111100111000001110000000000000000000000000000000000",
            "overlay_original":null,
            "overlay_predicted":null,
            "mixed_audio":"recovered/bill_freeman_0000001_mixed.wav"
        },
        {
            "path":"/proj/vondrick/rx2132/audio_visual_denoising/data/looking_to_listen/car/car_0000001.mp4",
            "num_frames":233,
            "framerate":30.0,
            "audio_sample_rate":44100,
            "audio_samples":345088,
            "duration":7.766992,
            "bit_stream":"00111111111111111111111111111111111111110001111111111111111111111001111111111111111111111111111000111111111001111111111110111111111111111111111111111110001111111111111111111111111111111111111111111111111111111111100011111111100011111",
            "ground_truth_bit_stream":"00111111111111111111111111111111111111110001111111111111111111111001111111111111111111111111111000111111111001111111111110111111111111111111111111111110001111111111111111111111111111111111111111111111111111111111100011111111100011111",
            "predicted_bit_stream":"00011111111111111111111111111111111111111101111111111111111111111001111111111111111111111111111000111011110011111111111110111111111111111111111111111111001111111111111111111111111111111111111111111111111111111111100000100011100011111",
            "recovered_prediction":"00011111111111111111111111111111111111111101111111111111111111111001111111111111111111111111111000111011110011111111111110111111111111111111111111111111001111111111111111111111111111111111111111111111111111111111100000100011100011111",
            "overlay_original":null,
            "overlay_predicted":null,
            "mixed_audio":"recovered/car_0000001_mixed.wav"
        },
        {
            "path":"/proj/vondrick/rx2132/audio_visual_denoising/data/looking_to_listen/dubbing/dubbing_0000001.mp4",
            "num_frames":390,
            "framerate":30.0,
            "audio_sample_rate":44100,
            "audio_samples":575488,
            "duration":13.0,
            "bit_stream":"011111111111111100111111111111101111111101111111111111111000000000000000001111111111111111101110111101110111111111111111111111110111111111111111111110000000000000001111111100011111111111101111111111111100111011111111111111111111111111111111111111111111111111111001111111111111111111000000000000000011111111111111111111111111111111111111111111111111101111111101111111100110000000111111100000",
            "ground_truth_bit_stream":"011111111111111100111111111111101111111101111111111111111000000000000000001111111111111111101110111101110111111111111111111111110111111111111111111110000000000000001111111100011111111111101111111111111100111011111111111111111111111111111111111111111111111111111001111111111111111111000000000000000011111111111111111111111111111111111111111111111111101111111101111111100110000000111111100000",
            "predicted_bit_stream":"011111111111111111111111111111111111111111111111111111111100000000000000101111111111111111111111111111110111111111111111111111110111111111111111111111111000000000111111111110011111111111111111111111111110111111111111111111111111111111111111111111111111111111111101111111111111111111100000000000011011111111111111111111111111111111111111111111111111111111111101111111100111000000111111100000",
            "recovered_prediction":"011111111111111111111111111111111111111111111111111111111100000000000000101111111111111111111111111111110111111111111111111111110111111111111111111111111000000000111111111110011111111111111111111111111110111111111111111111111111111111111111111111111111111111111101111111111111111111100000000000011011111111111111111111111111111111111111111111111111111111111101111111100111000000111111100000",
            "overlay_original":null,
            "overlay_predicted":null,
            "mixed_audio":"recovered/dubbing_0000001_mixed.wav"
        },
        {
            "path":"/proj/vondrick/rx2132/audio_visual_denoising/data/looking_to_listen/mixture/mixture_0000001.mp4",
            "num_frames":170,
            "framerate":30.0,
            "audio_sample_rate":44100,
            "audio_samples":251194,
            "duration":5.666992,
            "bit_stream":"00000000000000000000000000000000001111111111101111101111111111111000011111111111111110011010111111111111000000000111111100000111111111000000111000111111111110000000000000",
            "ground_truth_bit_stream":"00000000000000000000000000000000001111111111101111101111111111111000011111111111111110011010111111111111000000000111111100000111111111000000111000111111111110000000000000",
            "predicted_bit_stream":"00000000000000000000000000000000001111111111101111101111111111111100011111111111111110011101111111111111111100101111111100011111111111100001111000111111111111000000000000",
            "recovered_prediction":"00000000000000000000000000000000001111111111101111101111111111111100011111111111111110011101111111111111111100101111111100011111111111100001111000111111111111000000000000",
            "overlay_original":null,
            "overlay_predicted":null,
            "mixed_audio":"recovered/mixture_0000001_mixed.wav"
        },
        {
            "path":"/proj/vondrick/rx2132/audio_visual_denoising/data/looking_to_listen/noisy_bar/noisy_bar_0000001.mp4",
            "num_frames":612,
            "framerate":30.0,