{
    "dataset_path":"/proj/vondrick/rx2132/audio_visual_denoising/data/looking_to_listen/bill_freeman",
    "num_videos":1,
    "files":[
        {
            "path":"/proj/vondrick/rx2132/audio_visual_denoising/data/looking_to_listen/bill_freeman/bill_freeman_0000001.mp4",
            "clip_start_time":0.0,
            "clip_end_time":11.566992,
            "face_x":0.44443999999999995,
            "face_y":0.36036,
            "framerate":30.0,
            "audio_sample_rate":44100,
            "audio_samples":517440,
            "duration":11.566992,
            "num_frames":347,
            "bit_stream":"00111111111111111111111111111111111111111111111111111111111111111111111111111111111111111111111111111111111111111111111111111111111111111111111111111111111111111111111111111111111111111111111111111111111111111111111111111111111111111111111111111111111111111111111111111111111111111111111111111111111111111111111111111111111111111111111111111111111",
            "silence_total_ratio":0.005763688760806916,
            "avg_silenceInterval_silcenceTotal_ratio":1.0,
            "frames_path":"/proj/vondrick/rx2132/audio_visual_denoising/data/looking_to_listen/bill_freeman/bill_freeman_0000001_faces",
            "flows_path":null,
            "audio_path":"/proj/vondrick/rx2132/audio_visual_denoising/data/looking_to_listen/bill_freeman/bill_freeman_0000001.wav"
        }
    ]
}