{
    "dataset_path":"/proj/vondrick/rx2132/audio_visual_denoising/data/looking_to_listen/dubbing",
    "num_videos":1,
    "files":[
        {
            "path":"/proj/vondrick/rx2132/audio_visual_denoising/data/looking_to_listen/dubbing/dubbing_0000001.mp4",
            "clip_start_time":0.0,
            "clip_end_time":13.0,
            "face_x":0.59641,
            "face_y":0.3432,
            "framerate":30.0,
            "audio_sample_rate":44100,
            "audio_samples":575488,
            "duration":13.0,
            "num_frames":390,
            "bit_stream":"011111111111111100111111111111101111111101111111111111111000000000000000001111111111111111101110111101110111111111111111111111110111111111111111111110000000000000001111111100011111111111101111111111111100111011111111111111111111111111111111111111111111111111111001111111111111111111000000000000000011111111111111111111111111111111111111111111111111101111111101111111100110000000111111100000",
            "silence_total_ratio":0.2128205128205128,
            "avg_silenceInterval_silcenceTotal_ratio":0.045454545454545456,
            "frames_path":"/proj/vondrick/rx2132/audio_visual_denoising/data/looking_to_listen/dubbing/dubbing_0000001_faces",
            "flows_path":null,
            "audio_path":"/proj/vondrick/rx2132/audio_visual_denoising/data/looking_to_listen/dubbing/dubbing_0000001.wav"
        }
    ]
}