{
    "dataset_path":"/proj/vondrick/rx2132/audio_visual_denoising/data/looking_to_listen/noisy_bar",
    "num_videos":1,
    "files":[
        {
            "path":"/proj/vondrick/rx2132/audio_visual_denoising/data/looking_to_listen/noisy_bar/noisy_bar_0000001.mp4",
            "clip_start_time":0.0,
            "clip_end_time":20.4,
            "face_x":0.33333,
            "face_y":0.48305,
            "framerate":30.0,
            "audio_sample_rate":44100,
            "audio_samples":898464,
            "duration":20.4,
            "num_frames":612,
            "bit_stream":"000011111111111111111111111111111111111111111111111111111111111111111111111111111111111111111111111111111111111111111111111111111111111111111111111111111111111111111111111111111111111111111111111111111111111111111111111111111111111111111111111111111111111111111111111111111111111111111111111111111111111111111111111111111111111111111111111111111111111111111111111111111111111111111111111111111111111111111111111111111111111111111111111111111111111111111111111111111111111111111111111111111111111111111111111111111111111111111111111111111111111111111111111111111111111111111111111111111111111111111111111111111111",
            "silence_total_ratio":0.006535947712418301,
            "avg_silenceInterval_silcenceTotal_ratio":1.0,
            "frames_path":"/proj/vondrick/rx2132/audio_visual_denoising/data/looking_to_listen/noisy_bar/noisy_bar_0000001_faces",
            "flows_path":null,
            "audio_path":"/proj/vondrick/rx2132/audio_visual_denoising/data/looking_to_listen/noisy_bar/noisy_bar_0000001.wav"
        }
    ]
}