{
    "dataset_path":"/proj/vondrick/rx2132/audio_visual_denoising_official/data/henrique_audiovisual",
    "num_videos":6,
    "files":[
        {
            "path":"/proj/vondrick/rx2132/audio_visual_denoising_official/data/henrique_audiovisual/cafe_less/cafe_less_0000001.mp4",
            "clip_start_time":0.0,
            "clip_end_time":9.366992,
            "face_x":0.5,
            "face_y":0.5,
            "framerate":30.0,
            "audio_sample_rate":44100,
            "audio_samples":413696,
            "duration":9.366992,
            "num_frames":281,
            "bit_stream":"01111111111111111111111111111111111111111111111111111111111111111111111111111111111111111111111111111111111111111111111111111111111111111111111111111111111111111111111111111111111111111111111111111111111111111111111111111111111111111111111111111111111111111111111111111111111111111",
            "silence_total_ratio":0.0035587188612099642,
            "avg_silenceInterval_silcenceTotal_ratio":1.0,
            "frames_path":"/proj/vondrick/rx2132/audio_visual_denoising_official/data/henrique_audiovisual/cafe_less/cafe_less_0000001_faces",
            "flows_path":null,
            "audio_path":"/proj/vondrick/rx2132/audio_visual_denoising_official/data/henrique_audiovisual/cafe_less/cafe_less_0000001.wav"
        },
        {
            "path":"/proj/vondrick/rx2132/audio_visual_denoising_official/data/henrique_audiovisual/cafe_more/cafe_more_0000001.mp4",
            "clip_start_time":0.0,
            "clip_end_time":14.766992,
            "face_x":0.5,
            "face_y":0.5,
            "framerate":30.0,
            "audio_sample_rate":44100,
            "audio_samples":652288,
            "duration":14.766992,
            "num_frames":443,
            "bit_stream":"01111111111111111111111111111111111111111111111111111111111111111111111111111111111111111111111111111111111111111111111111111111111111111111111111111111111111111111111111111111111111111111111111111111111111111111111111111111111111111111111111111111111111111111111111111111111111111111111111111111111111111111111111111111111111111111111111111111111111111111111111111111111111111111111111111111111111111111111111111111111111111111111111111111111",
            "silence_total_ratio":0.002257336343115124,
            "avg_silenceInterval_silcenceTotal_ratio":1.0,
            "frames_path":"/proj/vondrick/rx2132/audio_visual_denoising_official/data/henrique_audiovisual/cafe_more/cafe_more_0000001_faces",
            "flows_path":null,
            "audio_path":"/proj/vondrick/rx2132/audio_visual_denoising_official/data/henrique_audiovisual/cafe_more/cafe_more_0000001.wav"
        },
        {
            "path":"/proj/vondrick/rx2132/audio_visual_denoising_official/data/henrique_audiovisual/campus_less/campus_less_0000001.mp4",
            "clip_start_time":0.0,
            "clip_end_time":9.133984,
            "face_x":0.5,
            "face_y":0.5,
            "framerate":30.0,
            "audio_sample_rate":44100,
            "audio_samples":403456,
            "duration":9.133984,
            "num_frames":274,
            "bit_stream":"0111111111111111111111111111111111111111111111111111111111111111111111111111111111111111111111111111111111111111111111111111111111111111111111111111111111111111111111111111111111111111111111111111111111111111111111111111111111111111111111111111111111111111111111111111111111",
            "silence_total_ratio":0.0036496350364963502,
            "avg_silenceInterval_silcenceTotal_ratio":1.0,
            "frames_path":"/proj/vondrick/rx2132/audio_visual_denoising_official/data/henrique_audiovisual/campus_less/campus_less_0000001_faces",
            "flows_path":null,
            "audio_path":"/proj/vondrick/rx2132/audio_visual_denoising_official/data/henrique_audiovisual/campus_less/campus_less_0000001.wav"
        },
        {
            "path":"/proj/vondrick/rx2132/audio_visual_denoising_official/data/henrique_audiovisual/campus_more/campus_more_0000001.mp4",
            "clip_start_time":0.0,
            "clip_end_time":13.5,
            "face_x":0.5,
            "face_y":0.5,
            "framerate":30.0,
            "audio_sample_rate":44100,
            "audio_samples":595968,
            "duration":13.5,
            "num_frames":405,
            "bit_stream":"011111111111111111111111111111111111111111111111111111111111111111111111111111111111111111111111111111111111111111111111111111111111111111111111111111111111111111111111111111111111111111111111111111111111111111111111111111111111111111111111111111111111111111111111111111111111111111111111111111111111111111111111111111111111111111111111111111111111111111111111111111111111111111111111111111111111111111111",
            "silence_total_ratio":0.0024691358024691358,
            "avg_silenceInterval_silcenceTotal_ratio":1.0,
            "frames_path":"/proj/vondrick/rx2132/audio_visual_denoising_official/data/henrique_audiovisual/campus_more/campus_more_0000001_faces",
            "flows_path":null,
            "audio_path":"/proj/vondrick/rx2132/audio_visual_denoising_official/data/henrique_audiovisual/campus_more/campus_more_0000001.wav"
        },
        {
            "path":"/proj/vondrick/rx2132/audio_visual_denoising_official/data/henrique_audiovisual/lab_less/lab_less_0000001.mp4",
            "clip_start_time":0.0,
            "clip_end_time":8.966992,
            "face_x":0.5,
            "face_y":0.5,
            "framerate":30.0,
            "audio_sample_rate":44100,
            "audio_samples":396288,
            "duration":8.966992,
            "num_frames":269,
            "bit_stream":"00111111111111111111111111111111111111111111111111111111111111111111111111111111111111111111111111111111111111111111111111111111111111111111111111111111111111111111111111111111111111111111111111111111111111111111111111111111111111111111111111111111111111111111111111111",
            "silence_total_ratio":0.007434944237918215,
            "avg_silenceInterval_silcenceTotal_ratio":1.0,
            "frames_path":"/proj/vondrick/rx2132/audio_visual_denoising_official/data/henrique_audiovisual/lab_less/lab_less_0000001_faces",
            "flows_path":null,
            "audio_path":"/proj/vondrick/rx2132/audio_visual_denoising_official/data/henrique_audiovisual/lab_less/lab_less_0000001.wav"
        },
        {
            "path":"/proj/vondrick/rx2132/audio_visual_denoising_official/data/henrique_audiovisual/lab_more/lab_more_0000001.mp4",
            "clip_start_time":0.0,
            "clip_end_time":14.0,
            "face_x":0.5,
            "face_y":0.5,
            "framerate":30.0,
            "audio_sample_rate":44100,
            "audio_samples":618496,
            "duration":14.0,
            "num_frames":420,
            "bit_stream":"011111111111111111111111111111111111111111111111111111111111111111111111111111111111111111111111111111111111111111111111111111111111111111111111111111111111111111111111111111111111111111111111111111111111111111111111111111111111111111111111111111111111111111111111111011111111111111111111111111111111111111111111111111111111111111111111111111111111111111111111111111111111111111111111111111111111111111111111111111111111",
            "silence_total_ratio":0.004761904761904762,
            "avg_silenceInterval_silcenceTotal_ratio":0.5,
            "frames_path":"/proj/vondrick/rx2132/audio_visual_denoising_official/data/henrique_audiovisual/lab_more/lab_more_0000001_faces",
            "flows_path":null,
            "audio_path":"/proj/vondrick/rx2132/audio_visual_denoising_official/data/henrique_audiovisual/lab_more/lab_more_0000001.wav"
        }
    ]
}