{
    "dataset_path":"/proj/vondrick/rx2132/audio_visual_denoising/data/looking_to_listen",
    "num_videos":9,
    "files":[
        {
            "path":"/proj/vondrick/rx2132/audio_visual_denoising/data/looking_to_listen/bill_freeman/bill_freeman_0000001.mp4",
            "clip_start_time":0.0,
            "clip_end_time":11.566992,
            "face_x":0.44443999999999995,
            "face_y":0.36036,
            "framerate":30.0,
            "audio_sample_rate":44100,
            "audio_samples":517440,
            "duration":11.566992,
            "num_frames":347,
            "bit_stream":"00111111111111111111111111111111111111111111111111111111111111111111111111111111111111111111111111111111111111111111111111111111111111111111111111111111111111111111111111111111111111111111111111111111111111111111111111111111111111111111111111111111111111111111111111111111111111111111111111111111111111111111111111111111111111111111111111111111111",
            "silence_total_ratio":0.005763688760806916,
            "avg_silenceInterval_silcenceTotal_ratio":1.0,
            "frames_path":"/proj/vondrick/rx2132/audio_visual_denoising/data/looking_to_listen/bill_freeman/bill_freeman_0000001_faces",
            "flows_path":null,
            "audio_path":"/proj/vondrick/rx2132/audio_visual_denoising/data/looking_to_listen/bill_freeman/bill_freeman_0000001.wav"
        },
        {
            "path":"/proj/vondrick/rx2132/audio_visual_denoising/data/looking_to_listen/car/car_0000001.mp4",
            "clip_start_time":0.0,
            "clip_end_time":7.766992,
            "face_x":0.80808,
            "face_y":0.41916000000000003,
            "framerate":30.0,
            "audio_sample_rate":44100,
            "audio_samples":345088,
            "duration":7.766992,
            "num_frames":233,
            "bit_stream":"00111111111111111111111111111111111111110001111111111111111111111001111111111111111111111111111000111111111001111111111110111111111111111111111111111110001111111111111111111111111111111111111111111111111111111111100011111111100011111",
            "silence_total_ratio":0.0944206008583691,
            "avg_silenceInterval_silcenceTotal_ratio":0.11111111111111112,
            "frames_path":"/proj/vondrick/rx2132/audio_visual_denoising/data/looking_to_listen/car/car_0000001_faces",
            "flows_path":null,
            "audio_path":"/proj/vondrick/rx2132/audio_visual_denoising/data/looking_to_listen/car/car_0000001.wav"
        },
        {
            "path":"/proj/vondrick/rx2132/audio_visual_denoising/data/looking_to_listen/dubbing/dubbing_0000001.mp4",
            "clip_start_time":0.0,
            "clip_end_time":13.0,
            "face_x":0.59641,
            "face_y":0.3432,
            "framerate":30.0,
            "audio_sample_rate":44100,
            "audio_samples":575488,
            "duration":13.0,
            "num_frames":390,
            "bit_stream":"011111111111111100111111111111101111111101111111111111111000000000000000001111111111111111101110111101110111111111111111111111110111111111111111111110000000000000001111111100011111111111101111111111111100111011111111111111111111111111111111111111111111111111111001111111111111111111000000000000000011111111111111111111111111111111111111111111111111101111111101111111100110000000111111100000",
            "silence_total_ratio":0.2128205128205128,
            "avg_silenceInterval_silcenceTotal_ratio":0.045454545454545456,
            "frames_path":"/proj/vondrick/rx2132/audio_visual_denoising/data/looking_to_listen/dubbing/dubbing_0000001_faces",
            "flows_path":null,
            "audio_path":"/proj/vondrick/rx2132/audio_visual_denoising/data/looking_to_listen/dubbing/dubbing_0000001.wav"
        },
        {
            "path":"/proj/vondrick/rx2132/audio_visual_denoising/data/looking_to_listen/mixture/mixture_0000001.mp4",
            "clip_start_time":0.0,
            "clip_end_time":5.666992,
            "face_x":0.5,
            "face_y":0.5,
            "framerate":30.0,
            "audio_sample_rate":44100,
            "audio_samples":251194,
            "duration":5.666992,
            "num_frames":170,
            "bit_stream":"00000000000000000000000000000000001111111111101111101111111111111000011111111111111110011010111111111111000000000111111100000111111111000000111000111111111110000000000000",
            "silence_total_ratio":0.47058823529411764,
            "avg_silenceInterval_silcenceTotal_ratio":0.08333333333333334,
            "frames_path":"/proj/vondrick/rx2132/audio_visual_denoising/data/looking_to_listen/mixture/mixture_0000001_faces",
            "flows_path":null,
            "audio_path":"/proj/vondrick/rx2132/audio_visual_denoising/data/looking_to_listen/mixture/mixture_0000001.wav"
        },
        {
            "path":"/proj/vondrick/rx2132/audio_visual_denoising/data/looking_to_listen/noisy_bar/noisy_bar_0000001.mp4",
            "clip_start_time":0.0,
            "clip_end_time":20.4,
            "face_x":0.33333,
            "face_y":0.48305,
            "framerate":30.0,
            "audio_sample_rate":44100,
            "audio_samples":898464,
            "duration":20.4,
            "num_frames":612,
            "bit_stream":"000011111111111111111111111111111111111111111111111111111111111111111111111111111111111111111111111111111111111111111111111111111111111111111111111111111111111111111111111111111111111111111111111111111111111111111111111111111111111111111111111111111111111111111111111111111111111111111111111111111111111111111111111111111111111111111111111111111111111111111111111111111111111111111111111111111111111111111111111111111111111111111111111111111111111111111111111111111111111111111111111111111111111111111111111111111111111111111111111111111111111111111111111111111111111111111111111111111111111111111111111111111111",
            "silence_total_ratio":0.006535947712418301,
            "avg_silenceInterval_silcenceTotal_ratio":1.0,
            "frames_path":"/proj/vondrick/rx2132/audio_visual_denoising/data/looking_to_listen/noisy_bar/noisy_bar_0000001_faces",
            "flows_path":null,
            "audio_path":"/proj/vondrick/rx2132/audio_visual_denoising/data/looking_to_listen/noisy_bar/noisy_bar_0000001.wav"
        },
        {
            "path":"/proj/vondrick/rx2132/audio_visual_denoising/data/looking_to_listen/obama_trump/obama_trump_0000001.mp4",
            "clip_start_time":0.0,
            "clip_end_time":10.133984,
            "face_x":0.43304,
            "face_y":0.45238,
            "framerate":30.0,
            "audio_sample_rate":44100,
            "audio_samples":446464,
            "duration":10.133984,
            "num_frames":304,
            "bit_stream":"0001111111110011111111111111110001111111111111111011111111111111100011111011110000000000001111110011101001111111111111111111111111111111111111111111111111111111111111111111111111111111110000011111111111110000000001111111111111111111111111111111111111111100001110001111100111111110000011100000000000011110",
            "silence_total_ratio":0.23355263157894737,
            "avg_silenceInterval_silcenceTotal_ratio":0.05555555555555556,
            "frames_path":"/proj/vondrick/rx2132/audio_visual_denoising/data/looking_to_listen/obama_trump/obama_trump_0000001_faces",
            "flows_path":null,
            "audio_path":"/proj/vondrick/rx2132/audio_visual_denoising/data/looking_to_listen/obama_trump/obama_trump_0000001.wav"
        },
        {
            "path":"/proj/vondrick/rx2132/audio_visual_denoising/data/looking_to_listen/sp01_004/sp01_004_0000001.mp4",
            "clip_start_time":0.0,
            "clip_end_time":4.966992,
            "face_x":0.48018,
            "face_y":0.61368,
            "framerate":30.0,
            "audio_sample_rate":44100,
            "audio_samples":220148,
            "duration":4.966992,
            "num_frames":149,