{
    "dataset_path":"/proj/vondrick/rx2132/audio_visual_denoising_official/data/counterexamples_audioonly/",
    "num_videos":7,
    "data_total_frames":60,
    "data_center_frames":1,
    "sigmoid_threshold":0.5,
    "snr":null,
    "prediction_statistics":{
        "num_samples":2766,
        "num_silent_samples":0,
        "num_non_silent_samples":2766,
        "base":1.0,
        "accuracy":0.618944323933478,
        "true_positive":0,
        "false_positive":1054,
        "true_negative":1712,
        "false_negative":0,
        "true_pos_rate(recall)":null,
        "false_pos_rate":0.3810556760665221,
        "precision":0.0,
        "true_neg_rate":0.618944323933478,
        "f1":0.0,
        "roc_auc":null,
        "mcc":0.0
    },
    "files":[
        {
            "path":"/proj/vondrick/rx2132/audio_visual_denoising_official/data/counterexamples_audioonly/face_mask_112_118/face_mask_112_118_0000001.wav",
            "num_frames":184,
            "framerate":30,
            "audio_sample_rate":44100,
            "audio_samples":269312,
            "duration":6.106848,
            "bit_stream":"1111111111111111111111111111111111111111111111111111111111111111111111111111111111111111111111111111111111111111111111111111111111111111111111111111111111111111111111111111111111111111",
            "ground_truth_bit_stream":"1111111111111111111111111111111111111111111111111111111111111111111111111111111111111111111111111111111111111111111111111111111111111111111111111111111111111111111111111111111111111111",
            "predicted_bit_stream":"0000000000111111111111111111111111110110001111111111111111111101111100111110010011111111111111111111110011111111111110111111110001111110001110011111111111111111011110000111110000000000",
            "recovered_prediction":"0000000000111111111111111111111111110110001111111111111111111101111100111110010011111111111111111111110011111111111110111111110001111110001110011111111111111111011110000111110000000000",
            "overlay_original":null,
            "overlay_predicted":null,
            "mixed_audio":"recovered/face_mask_112_118_0000001.wav_mixed.wav"
        },
        {
            "path":"/proj/vondrick/rx2132/audio_visual_denoising_official/data/counterexamples_audioonly/face_mask_39_45/face_mask_39_45_0000001.wav",
            "num_frames":183,
            "framerate":30,
            "audio_sample_rate":44100,
            "audio_samples":268288,
            "duration":6.083628,
            "bit_stream":"111111111111111111111111111111111111111111111111111111111111111111111111111111111111111111111111111111111111111111111111111111111111111111111111111111111111111111111111111111111111111",
            "ground_truth_bit_stream":"111111111111111111111111111111111111111111111111111111111111111111111111111111111111111111111111111111111111111111111111111111111111111111111111111111111111111111111111111111111111111",
            "predicted_bit_stream":"000111111101111111111111111101000011111111111111111111111111111111111111001011111111000011011111111111100111111111111101101000000111111111001111111111111111110000001111111001111111100",
            "recovered_prediction":"000111111101111111111111111101000011111111111111111111111111111111111111001011111111000011011111111111100111111111111101101000000111111111001111111111111111110000001111111001111111100",
            "overlay_original":null,
            "overlay_predicted":null,
            "mixed_audio":"recovered/face_mask_39_45_0000001.wav_mixed.wav"
        },
        {
            "path":"/proj/vondrick/rx2132/audio_visual_denoising_official/data/counterexamples_audioonly/face_mask_56_104/face_mask_56_104_0000001.wav",
            "num_frames":233,
            "framerate":30,
            "audio_sample_rate":44100,
            "audio_samples":342016,
            "duration":7.755465,
            "bit_stream":"11111111111111111111111111111111111111111111111111111111111111111111111111111111111111111111111111111111111111111111111111111111111111111111111111111111111111111111111111111111111111111111111111111111111111111111111111111111111111111",
            "ground_truth_bit_stream":"11111111111111111111111111111111111111111111111111111111111111111111111111111111111111111111111111111111111111111111111111111111111111111111111111111111111111111111111111111111111111111111111111111111111111111111111111111111111111111",
            "predicted_bit_stream":"00001111111000000000011111111111111101111111000000000000000000011111111111111111111111100000000111111111111111111110111110001111111111111111111000000111111111111111111111110110000000111111011111110011111011111111111111111111110001111",
            "recovered_prediction":"00001111111000000000011111111111111101111111000000000000000000011111111111111111111111100000000111111111111111111110111110001111111111111111111000000111111111111111111111110110000000111111011111110011111011111111111111111111110001111",
            "overlay_original":null,
            "overlay_predicted":null,
            "mixed_audio":"recovered/face_mask_56_104_0000001.wav_mixed.wav"
        },
        {
            "path":"/proj/vondrick/rx2132/audio_visual_denoising_official/data/counterexamples_audioonly/richard_hammond_029_050/richard_hammond_029_050_0000001.wav",
            "num_frames":665,
            "framerate":30,
            "audio_sample_rate":44100,
            "audio_samples":976896,
            "duration":22.151837,
            "bit_stream":"11111111111111111111111111111111111111111111111111111111111111111111111111111111111111111111111111111111111111111111111111111111111111111111111111111111111111111111111111111111111111111111111111111111111111111111111111111111111111111111111111111111111111111111111111111111111111111111111111111111111111111111111111111111111111111111111111111111111111111111111111111111111111111111111111111111111111111111111111111111111111111111111111111111111111111111111111111111111111111111111111111111111111111111111111111111111111111111111111111111111111111111111111111111111111111111111111111111111111111111111111111111111111111111111111111111111111111111111111111111111111111",
            "ground_truth_bit_stream":"11111111111111111111111111111111111111111111111111111111111111111111111111111111111111111111111111111111111111111111111111111111111111111111111111111111111111111111111111111111111111111111111111111111111111111111111111111111111111111111111111111111111111111111111111111111111111111111111111111111111111111111111111111111111111111111111111111111111111111111111111111111111111111111111111111111111111111111111111111111111111111111111111111111111111111111111111111111111111111111111111111111111111111111111111111111111111111111111111111111111111111111111111111111111111111111111111111111111111111111111111111111111111111111111111111111111111111111111111111111111111111",
            "predicted_bit_stream":"00000000001111111111111111000000000000001111111111111111011100001111110011100001111111111111111100111111111111000000000011100111111100001111100000000000000000000111110111111111111100000001111101111111111111011011111110011111100000111111111111111111001100000001110000111111001111111111111111111111111111111111111111111111111011100100000001111111100011111111111111111110111110011000000001101111111111101111111111111111111110111111101111111111111111111100000011101111011111101111111000011001000000000000011110100011111000111000011110000000000000001111000000111110110011110011111100011111110001111111111111101111110001110001111111111111111111111110000111110000000000000",