{
    "dataset_path":"/proj/vondrick/rx2132/audio_visual_denoising_official/data/counterexamples_audioonly",
    "num_videos":7,
    "files":[
        {
            "path":"/proj/vondrick/rx2132/audio_visual_denoising_official/data/counterexamples_audioonly/face_mask_112_118/face_mask_112_118_0000001.wav",
            "clip_start_time":0,
            "clip_end_time":6.106848,
            "face_x":0,
            "face_y":0,
            "framerate":30,
            "audio_sample_rate":44100,
            "audio_samples":269312,
            "duration":6.106848,
            "num_frames":184,
            "bit_stream":"1111111111111111111111111111111111111111111111111111111111111111111111111111111111111111111111111111111111111111111111111111111111111111111111111111111111111111111111111111111111111111",
            "silence_total_ratio":0,
            "avg_silenceInterval_silcenceTotal_ratio":0,
            "frames_path":null,
            "flows_path":null,
            "audio_path":"/proj/vondrick/rx2132/audio_visual_denoising_official/data/counterexamples_audioonly/face_mask_112_118/face_mask_112_118_0000001.wav"
        },
        {
            "path":"/proj/vondrick/rx2132/audio_visual_denoising_official/data/counterexamples_audioonly/face_mask_39_45/face_mask_39_45_0000001.wav",
            "clip_start_time":0,
            "clip_end_time":6.083628,
            "face_x":0,
            "face_y":0,
            "framerate":30,
            "audio_sample_rate":44100,
            "audio_samples":268288,
            "duration":6.083628,
            "num_frames":183,
            "bit_stream":"111111111111111111111111111111111111111111111111111111111111111111111111111111111111111111111111111111111111111111111111111111111111111111111111111111111111111111111111111111111111111",
            "silence_total_ratio":0,
            "avg_silenceInterval_silcenceTotal_ratio":0,
            "frames_path":null,
            "flows_path":null,
            "audio_path":"/proj/vondrick/rx2132/audio_visual_denoising_official/data/counterexamples_audioonly/face_mask_39_45/face_mask_39_45_0000001.wav"
        },
        {
            "path":"/proj/vondrick/rx2132/audio_visual_denoising_official/data/counterexamples_audioonly/face_mask_56_104/face_mask_56_104_0000001.wav",
            "clip_start_time":0,
            "clip_end_time":7.755465,
            "face_x":0,
            "face_y":0,
            "framerate":30,
            "audio_sample_rate":44100,
            "audio_samples":342016,
            "duration":7.755465,
            "num_frames":233,
            "bit_stream":"11111111111111111111111111111111111111111111111111111111111111111111111111111111111111111111111111111111111111111111111111111111111111111111111111111111111111111111111111111111111111111111111111111111111111111111111111111111111111111",
            "silence_total_ratio":0,
            "avg_silenceInterval_silcenceTotal_ratio":0,
            "frames_path":null,
            "flows_path":null,
            "audio_path":"/proj/vondrick/rx2132/audio_visual_denoising_official/data/counterexamples_audioonly/face_mask_56_104/face_mask_56_104_0000001.wav"
        },
        {
            "path":"/proj/vondrick/rx2132/audio_visual_denoising_official/data/counterexamples_audioonly/richard_hammond_029_050/richard_hammond_029_050_0000001.wav",
            "clip_start_time":0,
            "clip_end_time":22.151837,
            "face_x":0,
            "face_y":0,
            "framerate":30,
            "audio_sample_rate":44100,
            "audio_samples":976896,
            "duration":22.151837,
            "num_frames":665,
            "bit_stream":"11111111111111111111111111111111111111111111111111111111111111111111111111111111111111111111111111111111111111111111111111111111111111111111111111111111111111111111111111111111111111111111111111111111111111111111111111111111111111111111111111111111111111111111111111111111111111111111111111111111111111111111111111111111111111111111111111111111111111111111111111111111111111111111111111111111111111111111111111111111111111111111111111111111111111111111111111111111111111111111111111111111111111111111111111111111111111111111111111111111111111111111111111111111111111111111111111111111111111111111111111111111111111111111111111111111111111111111111111111111111111111",
            "silence_total_ratio":0,
            "avg_silenceInterval_silcenceTotal_ratio":0,
            "frames_path":null,
            "flows_path":null,
            "audio_path":"/proj/vondrick/rx2132/audio_visual_denoising_official/data/counterexamples_audioonly/richard_hammond_029_050/richard_hammond_029_050_0000001.wav"
        },
        {
            "path":"/proj/vondrick/rx2132/audio_visual_denoising_official/data/counterexamples_audioonly/richard_hammond_115_128/richard_hammond_115_128_0000001.wav",
            "clip_start_time":0,
            "clip_end_time":13.119274,
            "face_x":0,
            "face_y":0,
            "framerate":30,
            "audio_sample_rate":44100,
            "audio_samples":578560,
            "duration":13.119274,
            "num_frames":394,
            "bit_stream":"1111111111111111111111111111111111111111111111111111111111111111111111111111111111111111111111111111111111111111111111111111111111111111111111111111111111111111111111111111111111111111111111111111111111111111111111111111111111111111111111111111111111111111111111111111111111111111111111111111111111111111111111111111111111111111111111111111111111111111111111111111111111111111111111111111111111",
            "silence_total_ratio":0,
            "avg_silenceInterval_silcenceTotal_ratio":0,
            "frames_path":null,
            "flows_path":null,
            "audio_path":"/proj/vondrick/rx2132/audio_visual_denoising_official/data/counterexamples_audioonly/richard_hammond_115_128/richard_hammond_115_128_0000001.wav"
        },
        {
            "path":"/proj/vondrick/rx2132/audio_visual_denoising_official/data/counterexamples_audioonly/richard_hammond_308_328/richard_hammond_308_328_0000001.wav",
            "clip_start_time":0,
            "clip_end_time":20.54966,
            "face_x":0,
            "face_y":0,
            "framerate":30,
            "audio_sample_rate":44100,
            "audio_samples":906240,
            "duration":20.54966,
            "num_frames":617,
            "bit_stream":"11111111111111111111111111111111111111111111111111111111111111111111111111111111111111111111111111111111111111111111111111111111111111111111111111111111111111111111111111111111111111111111111111111111111111111111111111111111111111111111111111111111111111111111111111111111111111111111111111111111111111111111111111111111111111111111111111111111111111111111111111111111111111111111111111111111111111111111111111111111111111111111111111111111111111111111111111111111111111111111111111111111111111111111111111111111111111111111111111111111111111111111111111111111111111111111111111111111111111111111111111111111111111111",
            "silence_total_ratio":0,
            "avg_silenceInterval_silcenceTotal_ratio":0,
            "frames_path":null,
            "flows_path":null,
            "audio_path":"/proj/vondrick/rx2132/audio_visual_denoising_official/data/counterexamples_audioonly/richard_hammond_308_328/richard_hammond_308_328_0000001.wav"
        },
        {
            "path":"/proj/vondrick/rx2132/audio_visual_denoising_official/data/counterexamples_audioonly/street_interview/street_interview_0000001.wav",
            "clip_start_time":0,
            "clip_end_time":16.300408,
            "face_x":0,
            "face_y":0,
            "framerate":30,
            "audio_sample_rate":44100,
            "audio_samples":718848,
            "duration":16.300408,
            "num_frames":490,