{
    "dataset_path":"/proj/vondrick/rx2132/audio_visual_denoising_official/data/henrique_audioonly",
    "num_videos":6,
    "files":[
        {
            "path":"/proj/vondrick/rx2132/audio_visual_denoising_official/data/henrique_audioonly/cafe_less/cafe_less_0000001.wav",
            "clip_start_time":0,
            "clip_end_time":9.377007,
            "face_x":0,
            "face_y":0,
            "framerate":30,
            "audio_sample_rate":44100,
            "audio_samples":413526,
            "duration":9.377007,
            "num_frames":282,
            "bit_stream":"111111111111111111111111111111111111111111111111111111111111111111111111111111111111111111111111111111111111111111111111111111111111111111111111111111111111111111111111111111111111111111111111111111111111111111111111111111111111111111111111111111111111111111111111111111111111111111",
            "silence_total_ratio":0,
            "avg_silenceInterval_silcenceTotal_ratio":0,
            "frames_path":null,
            "flows_path":null,
            "audio_path":"/proj/vondrick/rx2132/audio_visual_denoising_official/data/henrique_audioonly/cafe_less/cafe_less_0000001.wav"
        },
        {
            "path":"/proj/vondrick/rx2132/audio_visual_denoising_official/data/henrique_audioonly/cafe_more/cafe_more_0000001.wav",
            "clip_start_time":0,
            "clip_end_time":14.781995,
            "face_x":0,
            "face_y":0,
            "framerate":30,
            "audio_sample_rate":44100,
            "audio_samples":651886,
            "duration":14.781995,
            "num_frames":444,
            "bit_stream":"111111111111111111111111111111111111111111111111111111111111111111111111111111111111111111111111111111111111111111111111111111111111111111111111111111111111111111111111111111111111111111111111111111111111111111111111111111111111111111111111111111111111111111111111111111111111111111111111111111111111111111111111111111111111111111111111111111111111111111111111111111111111111111111111111111111111111111111111111111111111111111111111111111111111",
            "silence_total_ratio":0,
            "avg_silenceInterval_silcenceTotal_ratio":0,
            "frames_path":null,
            "flows_path":null,
            "audio_path":"/proj/vondrick/rx2132/audio_visual_denoising_official/data/henrique_audioonly/cafe_more/cafe_more_0000001.wav"
        },
        {
            "path":"/proj/vondrick/rx2132/audio_visual_denoising_official/data/henrique_audioonly/campus_less/campus_less_0000001.wav",
            "clip_start_time":0,
            "clip_end_time":9.142993,
            "face_x":0,
            "face_y":0,
            "framerate":30,
            "audio_sample_rate":44100,
            "audio_samples":403206,
            "duration":9.142993,
            "num_frames":275,
            "bit_stream":"11111111111111111111111111111111111111111111111111111111111111111111111111111111111111111111111111111111111111111111111111111111111111111111111111111111111111111111111111111111111111111111111111111111111111111111111111111111111111111111111111111111111111111111111111111111111",
            "silence_total_ratio":0,
            "avg_silenceInterval_silcenceTotal_ratio":0,
            "frames_path":null,
            "flows_path":null,
            "audio_path":"/proj/vondrick/rx2132/audio_visual_denoising_official/data/henrique_audioonly/campus_less/campus_less_0000001.wav"
        },
        {
            "path":"/proj/vondrick/rx2132/audio_visual_denoising_official/data/henrique_audioonly/campus_more/campus_more_0000001.wav",
            "clip_start_time":0,
            "clip_end_time":13.513991,
            "face_x":0,
            "face_y":0,
            "framerate":30,
            "audio_sample_rate":44100,
            "audio_samples":595967,
            "duration":13.513991,
            "num_frames":406,
            "bit_stream":"1111111111111111111111111111111111111111111111111111111111111111111111111111111111111111111111111111111111111111111111111111111111111111111111111111111111111111111111111111111111111111111111111111111111111111111111111111111111111111111111111111111111111111111111111111111111111111111111111111111111111111111111111111111111111111111111111111111111111111111111111111111111111111111111111111111111111111111111",
            "silence_total_ratio":0,
            "avg_silenceInterval_silcenceTotal_ratio":0,
            "frames_path":null,
            "flows_path":null,
            "audio_path":"/proj/vondrick/rx2132/audio_visual_denoising_official/data/henrique_audioonly/campus_more/campus_more_0000001.wav"
        },
        {
            "path":"/proj/vondrick/rx2132/audio_visual_denoising_official/data/henrique_audioonly/lab_less/lab_less_0000001.wav",
            "clip_start_time":0,
            "clip_end_time":8.976009,
            "face_x":0,
            "face_y":0,
            "framerate":30,
            "audio_sample_rate":44100,
            "audio_samples":395842,
            "duration":8.976009,
            "num_frames":270,
            "bit_stream":"111111111111111111111111111111111111111111111111111111111111111111111111111111111111111111111111111111111111111111111111111111111111111111111111111111111111111111111111111111111111111111111111111111111111111111111111111111111111111111111111111111111111111111111111111111",
            "silence_total_ratio":0,
            "avg_silenceInterval_silcenceTotal_ratio":0,
            "frames_path":null,
            "flows_path":null,
            "audio_path":"/proj/vondrick/rx2132/audio_visual_denoising_official/data/henrique_audioonly/lab_less/lab_less_0000001.wav"
        },
        {
            "path":"/proj/vondrick/rx2132/audio_visual_denoising_official/data/henrique_audioonly/lab_more/lab_more_0000001.wav",
            "clip_start_time":0,
            "clip_end_time":14.013991,
            "face_x":0,
            "face_y":0,
            "framerate":30,
            "audio_sample_rate":44100,
            "audio_samples":618017,
            "duration":14.013991,
            "num_frames":421,
            "bit_stream":"1111111111111111111111111111111111111111111111111111111111111111111111111111111111111111111111111111111111111111111111111111111111111111111111111111111111111111111111111111111111111111111111111111111111111111111111111111111111111111111111111111111111111111111111111111111111111111111111111111111111111111111111111111111111111111111111111111111111111111111111111111111111111111111111111111111111111111111111111111111111111",
            "silence_total_ratio":0,
            "avg_silenceInterval_silcenceTotal_ratio":0,
            "frames_path":null,
            "flows_path":null,
            "audio_path":"/proj/vondrick/rx2132/audio_visual_denoising_official/data/henrique_audioonly/lab_more/lab_more_0000001.wav"
        }
    ]
}